,transcriptome size,mean cluster size,mean seq length (full clusters),mean length variance,mean % fraser,mean % canaan,mean % balsam
vsearch85,158404,2.77284664528674,527.452810071534,115524.601803896,0.537735901797504,0.199044810706204,0.263219287496292
vsearch90,177362,2.47646057216315,536.263466777959,117790.10991042,0.538310042404976,0.208132035626254,0.25355792196877
orthofinder85,98037,2.61451288799127,689.61461847492,40553.1063470045,0.399413337837521,0.294248876111775,0.306337786050704
orthofinder90,106199,3.05872936656654,682.186455078794,33591.3962073561,0.40104763978627,0.297276519410439,0.30167584080329
vsearch85_filt,30145,8.8018576878421,809.939206718352,175491.491746059,0.442578131973189,0.316049347571786,0.241372520455025
vsearch90_filt,33061,7.49838177913554,831.230711361638,175621.596634002,0.438545287227589,0.327969206977845,0.233485505794566
orthofinder85_filt,42526,4.16846164699243,916.262750496549,41063.0102094939,0.433365127253374,0.317575197785377,0.249059674961249
orthofinder90_filt,40338,5.25621002528633,941.526446882378,41552.0310964388,0.435119696010267,0.316114606317397,0.248765697672336
